{"stats": "openaigym.episode_batch.1.61.stats.json", "videos": [["openaigym.video.1.61.video000000.mp4", "openaigym.video.1.61.video000000.meta.json"], ["openaigym.video.1.61.video000001.mp4", "openaigym.video.1.61.video000001.meta.json"], ["openaigym.video.1.61.video000002.mp4", "openaigym.video.1.61.video000002.meta.json"], ["openaigym.video.1.61.video000003.mp4", "openaigym.video.1.61.video000003.meta.json"], ["openaigym.video.1.61.video000004.mp4", "openaigym.video.1.61.video000004.meta.json"], ["openaigym.video.1.61.video000005.mp4", "openaigym.video.1.61.video000005.meta.json"], ["openaigym.video.1.61.video000006.mp4", "openaigym.video.1.61.video000006.meta.json"], ["openaigym.video.1.61.video000007.mp4", "openaigym.video.1.61.video000007.meta.json"], ["openaigym.video.1.61.video000008.mp4", "openaigym.video.1.61.video000008.meta.json"], ["openaigym.video.1.61.video000009.mp4", "openaigym.video.1.61.video000009.meta.json"]], "env_info": {"gym_version": "0.17.3", "env_id": "BreakoutNoFrameskip-v4"}}